spec,model,beta,se,p,N
OLD-str/common,S1,-1.5232381582429504,0.37215271057441335,4.257432443566245e-05,203700
OLD-str/common,S2,0.16291661675006014,0.0807016406400763,0.043512978710640526,80509
NEW-str/common,S1,-1.521874411988161,0.37625374986403404,5.2365883236538124e-05,203700
NEW-str/common,S2,0.16244130817817967,0.08035247036530903,0.043216721767163735,80509
